command,mean,stddev,median,user,system,min,max
python3 beatSeperation.py,13.2982566524,0.08489360722662427,13.2909879921,13.215179359999999,1.1871017400000003,13.1909718536,13.4677373286
