command,mean,stddev,median,user,system,min,max
python3 vocalSeperation.py,50.42943485213999,0.2301011685737743,50.376684958439995,53.809353079999994,4.697556860000001,50.18456753644,50.91426008544
